Question,Option 1,Option 2,Option 3,Option 4,Answer Index,Quiz Set,Image URL,Audio URL,Game Name
"C64 Ghostbusters coder with David Crane","Troy Lyndon","John Twiddy","Adam Bellin","Chris Butler",3,1,,,
"Kernkraft 400 sample from Lazy Jones screen","Res-Q","Laser Jones","Star Dust","Wild Wafers",3,1,,,
"Paradroid droid with disruptor","476","833","614","711",4,1,,,
"Stavros Fasoulas birth country","Norway","Sweden","Denmark","Finland",4,1,,,
"Crystal Castles hero","Brave Bobby","Bentley Bear","Clyde Ratcliffe","Monty Mole",2,1,,,
"Headus & Footus game","Mayhem In Monsterland","Creatures 2","Bubble Bobble","Head Over Heels",4,1,,,
"Bungeling Empire publisher","Electronic Arts","Brøderbund","Melbourne House","Accolade",2,1,,,
"Wizball cat name before Catellite","Fudge","Nifta","Sputnik","Zark",2,1,,,
"Double Dragon brothers","Rizer & Bill","Cody & Guy","Bub & Bob","Billy & Jimmy",4,1,,,
"Cannon Fodder first three","Jim, Dave, Petey","Jopps, Frank, Joseph","Stoo, Dave, Larry","Jools, Jops, Stoo",4,1,,,
"Original Gauntlet character","Alizon","Thunar","Questor","Storm Axe",3,1,,,
"H.E.R.O. stands for","Healthcare Emergency","Hazard Evaluation","Humanitarian Emergency","Helicopter Rescue",4,1,,,
"Llamasoft founder 'Yak'","Jeff Minter","Tim Stamper","Tony Crowther","Richard Darling",1,1,,,
"First Ocean Loader game","Green Beret","Rambo","Daley Decathlon","Platoon",3,1,,,
"C64 Friday the 13th publisher","Domark","Ocean","Firebird","Activision",1,1,,,
"Geoff Crammond 3D racer","Buggy Boy","Super Off Road","Power Drift","Stunt Car Racer",4,1,,,
"What does Guybrush use to stop ghost LeChuck?","Grog","Rum","Root beer","Seawater",3,1,,,
"Master of Magic: escape item","Amulet of Immortality","Kingdom of Creatures","Rescue Daughter","Magic Scroll",1,1,,,
"Jet Set Willy start room","Master Bedroom","Top Landing","The Bathroom","Front Door",3,1,,,
"Yie Ar Kung-Fu hero","Buchu","Tonfun","Blues","Oolong",4,1,,,
"Which Game Is This","Wizard’s Crown","Archon","Battle Chess","Conquest of the New World",2,2,https://i.postimg.cc/Hrgp6Xdb/archon-03.png,,
"Which Game Is This","Spelunker","Rick Dangerous","Bruce Lee","Kung-Fu Master",3,2,https://i.postimg.cc/G4xbVtm2/bruce-lee-03.png,,
"Which Game Is This","Bubble Bobble","Joust","Snow Bros","Rodland",1,2,https://i.postimg.cc/SnhygCkY/bubble-bobble-04.png,,
"Which Game Is This","Defender Of The Crown","Barbarian","Champions of Krynn","King’s Bounty",1,2,https://i.postimg.cc/G4CcXGdB/defender-of-the-crown-07.png,,
"Which Game Is This","Frontier","Mercenary","Trade Wars","Elite",4,2,https://i.postimg.cc/mPsbmCBF/elite-04.png,,
"Which Game Is This","Gary Linekers Superstar","International Soccer","Emlyn Hughes","Kick Off",3,2,https://i.postimg.cc/0zs8VDPs/emlyn-hughes-international-soccer-04.png,,
"Which Game Is This","Bangkok Knights","Yie Ar Kung-Fu","Way of the Exploding Fist","IK+",4,2,https://i.postimg.cc/sMrVT7s1/ik-plus-03.png,,
"Which Game Is This","Hero Of The Golden Talisman","Montezuma’s Revenge","Impossible Mission","The Last Ninja",3,2,https://i.postimg.cc/RWBMgK4H/impossible-mission-02.png,,
"Which Game Is This","Last Ninja","Shinobi","Shadow Dancer","Ninja Rabbits",1,2,https://i.postimg.cc/VJ8YKnmP/last-ninja-03.png,,
"Which Game Is This","M.U.L.E","Stellar Conquest","The Seven Cities of Gold","Outpost",1,2,https://i.postimg.cc/pmH2szRd/m-u-l-e-03.png,,
"Which Game Is This","Zak McKracken","Leisure Suit Larry","The Pawn","Maniac Mansion",4,2,https://i.postimg.cc/rDk8fxMs/maniac-mansion-03.png,,
"Which Game Is This","Robotron","Paradroid","Mutant Zone","Cybernoid",2,2,https://i.postimg.cc/jDbsMPKG/paradroid-06.png,,
"Which Game Is This","Project Firestart","The Eidolon","Psi-5 Trading Company","Forbidden Forest",1,2,https://i.postimg.cc/k2v7zGg6/project-firestart-05.png,,
"Which Game Is This","Choplifter","Raid on Bungeling Bay","Airwolf","Gunship",2,2,https://i.postimg.cc/DST2xLnF/raid-on-bungeling-bay-03.png,,
"Which Game Is This","R-Type","Exolon","Turrican","Wizball",3,2,https://i.postimg.cc/zyFq6vGv/turrican-03.png,,
"Which Game Is This","Usagi Yojimbo","Shinobi","Ninja Rabbits","Shadow of the Beast",1,2,https://i.postimg.cc/9DhWLZCC/usagi-yojimbo-05.png,,
"Which Game Is This","Skiing","Winter Challenge","Slalom","Winter Games",4,2,https://i.postimg.cc/gxHGQj2n/winter-games-04.png,,
"Which Game Is This","Blackwyche","Wizard","The Sentinel","Atic Atac",2,2,https://i.postimg.cc/pmH2szRV/wizard-electronic-arts-03.png,,
"Which Game Is This","Exile","Gorf","Wizard of Wor","Robotron",3,2,https://i.postimg.cc/k2mnTK90/wizard-of-wor-04.png,,
"Which Game Is This","Uridium","Delta","Sanxion","Wizball",4,2,https://i.postimg.cc/TK6RtgGF/wizball-02.png,,
"Name That Game","Monty On The Run","Son Of Blagger","Manic Miner","Jet Set Willy",1,3,,"https://joepentony-dot.github.io/mp3-host/Monty_on_the_Run-01 (mp3cut.net).mp3",
"Name That Game","Trap Door","Firelord","Dan Dare","Stormlord",3,3,,"https://joepentony-dot.github.io/mp3-host/Dan_Dare-Pilot_of_the_Future-01-[AudioTrimmer.com].mp3",
"Name That Game","Heartland","Pentagram","Feud","Shadow of the Beast",1,3,,"https://joepentony-dot.github.io/mp3-host/heartland_2JV7tDQO.mp3",
"Name That Game","Thrust","Arkanoid","Joe Blade","Kane",2,3,,"https://joepentony-dot.github.io/mp3-host/arkanoid-01_ypD9TQPf.mp3",
"Name That Game","Skate Or Die","720°","California Games","Hypersports",1,3,,"https://joepentony-dot.github.io/mp3-host/Skate_or_Die-02-[AudioTrimmer.com].mp3",
"Name That Game","Ikari Warriors","Who Dares Wins","Commando","Green Beret",4,3,,"https://joepentony-dot.github.io/mp3-host/green-beret-01_1LrjKI6E.mp3",
"Name That Game","Robin Of The Wood","Sabre Wulf","The Legend of Blacksilver","Staff of Karnath",1,3,,"https://joepentony-dot.github.io/mp3-host/Robin_of_the_Wood-01-[AudioTrimmer.com].mp3",
"Name That Game","R-Type","Delta","Cybernoid II","Armalyte",3,3,,"https://joepentony-dot.github.io/mp3-host/Cybernoid_II-01 (mp3cut.net).mp3",
"Name That Game","Flash Gordon","Ghostbusters II","Barbarian II","Gauntlet",1,3,,"https://joepentony-dot.github.io/mp3-host/Flash_Gordon-01-[AudioTrimmer.com].mp3",
"Name That Game","Frak","Thing On A Spring","Buggy Boy","Thing Bounces Back",2,3,,"https://joepentony-dot.github.io/mp3-host/Thing_on_a_Spring-01-[AudioTrimmer.com].mp3",
"Name That Game","Commando","Predator","Platoon","Rambo II: First Blood Part 2",4,3,,"https://joepentony-dot.github.io/mp3-host/Rambo_First_Blood_Part_II-01 (mp3cut.net).mp3",
"Name That Game","Parallax","Wizball","Mayhem in Monsterland","Chimera",2,3,,"https://joepentony-dot.github.io/mp3-host/Wizball-04 (mp3cut.net).mp3",
"Name That Game","Turbo Out Run","Out Run","Pitstop II","Chase HQ",1,3,,"https://joepentony-dot.github.io/mp3-host/Turbo_Outrun-02 (mp3cut.net).mp3",
"Name That Game","Fist II","The Way of the Exploding Fist","International Karate","Barbarian",1,3,,"https://joepentony-dot.github.io/mp3-host/fist-ii-the-legend-continues-02_I4BlNbpQ.mp3",
"Name That Game","Impossible Mission","One Man And His Droid","Auf Wiedersehen Monty","Bounder",3,3,,"https://joepentony-dot.github.io/mp3-host/Auf_Wiedersehen_Monty-01-[AudioTrimmer.com].mp3",
"Name That Game","Lightforce","Delta","Sanxion","Armalyte",3,3,,"https://joepentony-dot.github.io/mp3-host/Sanxion-01 (mp3cut.net).mp3",
"Name That Game","Yie Ar Kung Fu","IK+","The Way of the Tiger","Kung Fu Master",1,3,,"https://joepentony-dot.github.io/mp3-host/Yie_Ar_Kung_Fu-18-[AudioTrimmer.com].mp3",
"Name That Game","Spindizzy","Master Of Magic","The Staff of Karnath","Times of Lore",2,3,,"https://joepentony-dot.github.io/mp3-host/Master_of_Magic-01-[AudioTrimmer.com].mp3",
"Name That Game","Commando","Ikari Warriors","Gryzor","Fernandez Must Die",1,3,,"https://joepentony-dot.github.io/mp3-host/Commando-01 (mp3cut.net).mp3",
"Name That Game","Hawkeye","Turrican","Flimbo’s Quest","Hunter’s Moon",1,3,,"https://joepentony-dot.github.io/mp3-host/Hawkeye-01 (mp3cut.net).mp3",
"Name That Game","R-Type","Alien Breed","Project-X","Smash TV",2,4,,"https://joepentony-dot.github.io/amiga-mp3-host/alienbreed.mp3",
"Name That Game","Oddworld: Abes Oddysee","Rick Dangerous","Dreamweb","Another World",4,4,,"https://joepentony-dot.github.io/amiga-mp3-host/anotherworld.mp3",
"Name That Game","Day Of The Tentacle","The Dig","Beneath A Steel Sky","Simon The Sorcerer",3,4,,"https://joepentony-dot.github.io/amiga-mp3-host/beneathasteelsky.mp3",
"Name That Game","Rainbow Islands","Parasol Stars","Bubble Bobble","The New Zealand Story",3,4,,"https://joepentony-dot.github.io/amiga-mp3-host/bubblebobble.mp3",
"Name That Game","Cannon Fodder","Lost Patrol","Escape from Colditz","B-17 Flying Fortress",1,4,,"https://joepentony-dot.github.io/amiga-mp3-host/cannonfodder.mp3",
"Name That Game","Populous II","Dune","Civilization","North & South",2,4,,"https://joepentony-dot.github.io/amiga-mp3-host/dune.mp3",
"Name That Game","Bomb Jack","Fire 'N Ice","Pengo","Dyna Blaster",4,4,,"https://joepentony-dot.github.io/amiga-mp3-host/dynablaster.mp3",
"Name That Game","B.A.T. II","Flashback","Rick Dangerous 2","Prince Of Persia",2,4,,"https://joepentony-dot.github.io/amiga-mp3-host/flashback.mp3",
"Name That Game","Desert Strike","Rocket Ranger","It Came From The Desert","UFO: Enemy Unknown",3,4,,"https://joepentony-dot.github.io/amiga-mp3-host/itcamefromthedesert.mp3",
"Name That Game","The Humans","Pushover","Lemmings","Fury of the Furries",3,4,,"https://joepentony-dot.github.io/amiga-mp3-host/lemmings.mp3",
"Name That Game","Maniac Mansion","Zak McKracken","Loom","Their Finest Hour",1,4,,"https://joepentony-dot.github.io/amiga-mp3-host/maniacmansion.mp3",
"Name That Game","King's Quest","Valhalla","Defender of the Crown","Mega Lo Mania",4,4,,"https://joepentony-dot.github.io/amiga-mp3-host/megalomania.mp3",
"Name That Game","HeroQuest","Sword of Sodan","Cadaver: The Pay Off ","Moonstone",4,4,,"https://joepentony-dot.github.io/amiga-mp3-host/moonstone.mp3",
"Name That Game","Goal!","Sensible Soccer","Kick Off 2","MicroProse Soccer",2,4,,"https://joepentony-dot.github.io/amiga-mp3-host/sensiblesoccer.mp3",
"Name That Game","Caesar","Colonization","The Settlers","Railroad Tycoon",3,4,,"https://joepentony-dot.github.io/amiga-mp3-host/settlers.mp3",
"Name That Game","4D Sports Boxing","Speedball 2","Cyberball","Brutal Sports Football",2,4,,"https://joepentony-dot.github.io/amiga-mp3-host/speedball2.mp3",
"Name That Game","Supercars 2","Micro Machines","Super Sprint","Test Drive II: The Duel",1,4,,"https://joepentony-dot.github.io/amiga-mp3-host/supercars2.mp3",
"Name That Game","Syndicate ","Laser Squad","Shadowrun","UFO: Enemy Unknown",1,4,,"https://joepentony-dot.github.io/amiga-mp3-host/syndicate.mp3",
"Name That Game","Vroom","Badlands","Lotus Turbo Challenge 2","Out Run",3,4,,"https://joepentony-dot.github.io/amiga-mp3-host/turbochallenge2.mp3",
"Name That Game","Silkworm","Xenon 2","R-Type","Gods",4,4,,"https://joepentony-dot.github.io/amiga-mp3-host/gods.mp3",
"Which Legend Is This","Rob Hubbard","Martin Galway","Jeroen Tel","David Whittaker",4,5,,"https://joepentony-dot.github.io/quiz-audio-assets/whittaker/Knight_Games-01_cut_Whittaker.mp3","Knight Games"
"Which Legend Is This","Rob Hubbard","Martin Galway","Jeroen Tel","David Whittaker",3,5,,"https://joepentony-dot.github.io/quiz-audio-assets/jeroentel/Super_Monaco_Grand_Prix-01_jeroentel.mp3","Super Monaco Grand Prix"
"Which Legend Is This","Rob Hubbard","Martin Galway","Jeroen Tel","David Whittaker",1,5,,"https://joepentony-dot.github.io/quiz-audio-assets/hubbard/Monty_on_the_Run-01_cut_robhubbard.mp3","Monty on the Run"
"Which Legend Is This","Rob Hubbard","Martin Galway","Jeroen Tel","David Whittaker",3,5,,"https://joepentony-dot.github.io/quiz-audio-assets/jeroentel/Myth-01_jeroentel.mp3","Myth"
"Which Legend Is This","Rob Hubbard","Martin Galway","Jeroen Tel","David Whittaker",2,5,,"https://joepentony-dot.github.io/quiz-audio-assets/galway/Yie_Ar_Kung_Fu-12_galway.mp3","Yie Ar Kung Fu"
"Which Legend Is This","Rob Hubbard","Martin Galway","Jeroen Tel","David Whittaker",1,5,,"https://joepentony-dot.github.io/quiz-audio-assets/hubbard/Action_Biker-01_cut_robhubbard.mp3","Action Biker"
"Which Legend Is This","Rob Hubbard","Martin Galway","Jeroen Tel","David Whittaker",4,5,,"https://joepentony-dot.github.io/quiz-audio-assets/whittaker/Max_Headroom-01_cut_Whittaker.mp3","Max Headroom"
"Which Legend Is This","Rob Hubbard","Martin Galway","Jeroen Tel","David Whittaker",3,5,,"https://joepentony-dot.github.io/quiz-audio-assets/jeroentel/Hawkeye-01_jeroentel.mp3","Hawkeye"
"Which Legend Is This","Rob Hubbard","Martin Galway","Jeroen Tel","David Whittaker",1,5,,"https://joepentony-dot.github.io/quiz-audio-assets/hubbard/5_Title_Tunes-01_cut_robhubbard.mp3","Train Robbers"
"Which Legend Is This","Rob Hubbard","Martin Galway","Jeroen Tel","David Whittaker",3,5,,"https://joepentony-dot.github.io/quiz-audio-assets/jeroentel/Turbo_Outrun-01_jeroentel.mp3","Turbo Outrun"
"Which Legend Is This","Rob Hubbard","Martin Galway","Jeroen Tel","David Whittaker",2,5,,"https://joepentony-dot.github.io/quiz-audio-assets/galway/Mikie-01_cut_galway.mp3","Mikie"
"Which Legend Is This","Rob Hubbard","Martin Galway","Jeroen Tel","David Whittaker",1,5,,"https://joepentony-dot.github.io/quiz-audio-assets/hubbard/Flash_Gordon-01_cut_robhubbard.mp3","Flash Gordon"
"Which Legend Is This","Rob Hubbard","Martin Galway","Jeroen Tel","David Whittaker",4,5,,"https://joepentony-dot.github.io/quiz-audio-assets/whittaker/Lazy_Jones-01_Whittaker.mp3","Lazy Jones"
"Which Legend Is This","Rob Hubbard","Martin Galway","Jeroen Tel","David Whittaker",3,5,,"https://joepentony-dot.github.io/quiz-audio-assets/jeroentel/Supremacy-01_jeroentel.mp3","Supremacy"
"Which Legend Is This","Rob Hubbard","Martin Galway","Jeroen Tel","David Whittaker",2,5,,"https://joepentony-dot.github.io/quiz-audio-assets/galway/TIMESOFLORE_cut_galway.mp3","Times Of Lore"
"Which Legend Is This","Rob Hubbard","Martin Galway","Jeroen Tel","David Whittaker",1,5,,"https://joepentony-dot.github.io/quiz-audio-assets/hubbard/Bangkok_Knights_cut_robhubbard.mp3","Bangkok Knights"
"Which Legend Is This","Rob Hubbard","Martin Galway","Jeroen Tel","David Whittaker",3,5,,"https://joepentony-dot.github.io/quiz-audio-assets/jeroentel/Golden_Axe-01_jeroentel.mp3","Golden Axe"
"Which Legend Is This","Rob Hubbard","Martin Galway","Jeroen Tel","David Whittaker",2,5,,"https://joepentony-dot.github.io/quiz-audio-assets/galway/Daley_Thompsons_Decathlon-01_cut_galway.mp3","Decathlon"
"Which Legend Is This","Rob Hubbard","Martin Galway","Jeroen Tel","David Whittaker",2,5,,"https://joepentony-dot.github.io/quiz-audio-assets/galway/Neverending_Story_cut_galway.mp3","Neverending Story"
"Which Legend Is This","Rob Hubbard","Martin Galway","Jeroen Tel","David Whittaker",1,5,,"https://joepentony-dot.github.io/quiz-audio-assets/hubbard/Crazy_Comets-01_cut_robhubbard.mp3","Crazy Comets"
